,zipcode,size,amount_built
0,10001,small,0.0
1,10001,medium,0.0
2,10001,large,2.0
3,10002,small,0.0
4,10002,medium,0.0
5,10002,large,3.0
6,10003,small,0.0
7,10003,medium,0.0
8,10003,large,4.0
9,10004,small,1.0
10,10004,medium,0.0
11,10004,large,1.0
12,10005,small,0.0
13,10005,medium,0.0
14,10005,large,2.0
15,10006,small,1.0
16,10006,medium,0.0
17,10006,large,0.0
18,10007,small,0.0
19,10007,medium,0.0
20,10007,large,2.0
21,10009,small,0.0
22,10009,medium,0.0
23,10009,large,5.0
24,10010,small,0.0
25,10010,medium,0.0
26,10010,large,5.0
27,10011,small,0.0
28,10011,medium,0.0
29,10011,large,3.0
30,10012,small,1.0
31,10012,medium,0.0
32,10012,large,2.0
33,10013,small,0.0
34,10013,medium,0.0
35,10013,large,4.0
36,10014,small,0.0
37,10014,medium,0.0
38,10014,large,2.0
39,10016,small,0.0
40,10016,medium,0.0
41,10016,large,6.0
42,10017,small,0.0
43,10017,medium,0.0
44,10017,large,1.0
45,10019,small,1.0
46,10019,medium,0.0
47,10019,large,3.0
48,10021,small,0.0
49,10021,medium,0.0
50,10021,large,6.0
51,10022,small,1.0
52,10022,medium,0.0
53,10022,large,4.0
54,10023,small,0.0
55,10023,medium,0.0
56,10023,large,11.0
57,10024,small,0.0
58,10024,medium,0.0
59,10024,large,14.0
60,10025,small,0.0
61,10025,medium,0.0
62,10025,large,13.0
63,10026,small,0.0
64,10026,medium,0.0
65,10026,large,6.0
66,10027,small,0.0
67,10027,medium,0.0
68,10027,large,10.0
69,10028,small,1.0
70,10028,medium,0.0
71,10028,large,5.0
72,10029,small,0.0
73,10029,medium,0.0
74,10029,large,11.0
75,10030,small,0.0
76,10030,medium,0.0
77,10030,large,6.0
78,10031,small,0.0
79,10031,medium,0.0
80,10031,large,7.0
81,10032,small,0.0
82,10032,medium,0.0
83,10032,large,6.0
84,10033,small,0.0
85,10033,medium,0.0
86,10033,large,9.0
87,10034,small,0.0
88,10034,medium,0.0
89,10034,large,8.0
90,10035,small,0.0
91,10035,medium,0.0
92,10035,large,6.0
93,10036,small,0.0
94,10036,medium,0.0
95,10036,large,2.0
96,10037,small,0.0
97,10037,medium,0.0
98,10037,large,3.0
99,10038,small,0.0
100,10038,medium,0.0
101,10038,large,2.0
102,10039,small,0.0
103,10039,medium,0.0
104,10039,large,6.0
105,10040,small,0.0
106,10040,medium,0.0
107,10040,large,6.0
108,10044,small,0.0
109,10044,medium,0.0
110,10044,large,3.0
111,10065,small,0.0
112,10065,medium,0.0
113,10065,large,7.0
114,10069,small,0.0
115,10069,medium,1.0
116,10069,large,2.0
117,10075,small,0.0
118,10075,medium,0.0
119,10075,large,4.0
120,10128,small,1.0
121,10128,medium,0.0
122,10128,large,9.0
123,10280,small,1.0
124,10280,medium,0.0
125,10280,large,1.0
126,10282,small,1.0
127,10282,medium,0.0
128,10282,large,1.0
129,10301,small,0.0
130,10301,medium,0.0
131,10301,large,8.0
132,10302,small,0.0
133,10302,medium,0.0
134,10302,large,4.0
135,10303,small,0.0
136,10303,medium,0.0
137,10303,large,4.0
138,10304,small,0.0
139,10304,medium,0.0
140,10304,large,6.0
141,10305,small,0.0
142,10305,medium,0.0
143,10305,large,5.0
144,10306,small,0.0
145,10306,medium,1.0
146,10306,large,8.0
147,10307,small,0.0
148,10307,medium,1.0
149,10307,large,3.0
150,10308,small,0.0
151,10308,medium,1.0
152,10308,large,3.0
153,10309,small,1.0
154,10309,medium,0.0
155,10309,large,6.0
156,10310,small,0.0
157,10310,medium,0.0
158,10310,large,7.0
159,10312,small,0.0
160,10312,medium,0.0
161,10312,large,12.0
162,10314,small,0.0
163,10314,medium,0.0
164,10314,large,17.0
165,10451,small,0.0
166,10451,medium,0.0
167,10451,large,10.0
168,10452,small,0.0
169,10452,medium,0.0
170,10452,large,15.0
171,10453,small,0.0
172,10453,medium,0.0
173,10453,large,16.0
174,10454,small,0.0
175,10454,medium,0.0
176,10454,large,8.0
177,10455,small,0.0
178,10455,medium,0.0
179,10455,large,7.0
180,10456,small,0.0
181,10456,medium,0.0
182,10456,large,19.0
183,10457,small,0.0
184,10457,medium,0.0
185,10457,large,20.0
186,10458,small,0.0
187,10458,medium,0.0
188,10458,large,17.0
189,10459,small,0.0
190,10459,medium,0.0
191,10459,large,12.0
192,10460,small,0.0
193,10460,medium,0.0
194,10460,large,11.0
195,10461,small,0.0
196,10461,medium,0.0
197,10461,large,9.0
198,10462,small,0.0
199,10462,medium,0.0
200,10462,large,17.0
201,10463,small,0.0
202,10463,medium,0.0
203,10463,large,12.0
204,10464,small,1.0
205,10464,medium,0.0
206,10464,large,0.0
207,10465,small,0.0
208,10465,medium,0.0
209,10465,large,10.0
210,10466,small,0.0
211,10466,medium,0.0
212,10466,large,14.0
213,10467,small,0.0
214,10467,medium,0.0
215,10467,large,18.0
216,10468,small,0.0
217,10468,medium,0.0
218,10468,large,21.0
219,10469,small,0.0
220,10469,medium,0.0
221,10469,large,14.0
222,10470,small,0.0
223,10470,medium,0.0
224,10470,large,4.0
225,10471,small,1.0
226,10471,medium,0.0
227,10471,large,3.0
228,10472,small,0.0
229,10472,medium,0.0
230,10472,large,16.0
231,10473,small,0.0
232,10473,medium,0.0
233,10473,large,10.0
234,10474,small,0.0
235,10474,medium,0.0
236,10474,large,3.0
237,10475,small,0.0
238,10475,medium,0.0
239,10475,large,9.0
240,10502,small,0.0
241,10502,medium,0.0
242,10502,large,1.0
243,10504,small,0.0
244,10504,medium,0.0
245,10504,large,0.0
246,10506,small,0.0
247,10506,medium,0.0
248,10506,large,1.0
249,10507,small,0.0
250,10507,medium,1.0
251,10507,large,0.0
252,10509,small,0.0
253,10509,medium,0.0
254,10509,large,0.0
255,10510,small,0.0
256,10510,medium,0.0
257,10510,large,0.0
258,10511,small,0.0
259,10511,medium,1.0
260,10511,large,0.0
261,10512,small,0.0
262,10512,medium,0.0
263,10512,large,3.0
264,10514,small,0.0
265,10514,medium,1.0
266,10514,large,0.0
267,10516,small,1.0
268,10516,medium,0.0
269,10516,large,0.0
270,10520,small,0.0
271,10520,medium,0.0
272,10520,large,0.0
273,10522,small,0.0
274,10522,medium,0.0
275,10522,large,0.0
276,10523,small,0.0
277,10523,medium,0.0
278,10523,large,0.0
279,10524,small,0.0
280,10524,medium,1.0
281,10524,large,0.0
282,10527,small,0.0
283,10527,medium,0.0
284,10527,large,0.0
285,10528,small,0.0
286,10528,medium,0.0
287,10528,large,0.0
288,10530,small,0.0
289,10530,medium,0.0
290,10530,large,2.0
291,10532,small,0.0
292,10532,medium,0.0
293,10532,large,0.0
294,10533,small,1.0
295,10533,medium,0.0
296,10533,large,1.0
297,10535,small,0.0
298,10535,medium,0.0
299,10535,large,0.0
300,10536,small,0.0
301,10536,medium,0.0
302,10536,large,1.0
303,10538,small,0.0
304,10538,medium,0.0
305,10538,large,2.0
306,10541,small,0.0
307,10541,medium,0.0
308,10541,large,1.0
309,10543,small,0.0
310,10543,medium,0.0
311,10543,large,1.0
312,10547,small,0.0
313,10547,medium,0.0
314,10547,large,0.0
315,10548,small,0.0
316,10548,medium,0.0
317,10548,large,1.0
318,10549,small,1.0
319,10549,medium,0.0
320,10549,large,1.0
321,10550,small,0.0
322,10550,medium,0.0
323,10550,large,5.0
324,10552,small,1.0
325,10552,medium,0.0
326,10552,large,2.0
327,10553,small,0.0
328,10553,medium,1.0
329,10553,large,1.0
330,10560,small,1.0
331,10560,medium,0.0
332,10560,large,1.0
333,10562,small,0.0
334,10562,medium,0.0
335,10562,large,2.0
336,10566,small,0.0
337,10566,medium,0.0
338,10566,large,1.0
339,10567,small,0.0
340,10567,medium,0.0
341,10567,large,3.0
342,10570,small,1.0
343,10570,medium,0.0
344,10570,large,1.0
345,10573,small,0.0
346,10573,medium,0.0
347,10573,large,4.0
348,10576,small,0.0
349,10576,medium,1.0
350,10576,large,0.0
351,10577,small,0.0
352,10577,medium,0.0
353,10577,large,0.0
354,10579,small,0.0
355,10579,medium,0.0
356,10579,large,0.0
357,10580,small,0.0
358,10580,medium,0.0
359,10580,large,2.0
360,10583,small,0.0
361,10583,medium,0.0
362,10583,large,2.0
363,10588,small,1.0
364,10588,medium,0.0
365,10588,large,1.0
366,10589,small,0.0
367,10589,medium,1.0
368,10589,large,0.0
369,10590,small,1.0
370,10590,medium,0.0
371,10590,large,0.0
372,10591,small,0.0
373,10591,medium,0.0
374,10591,large,0.0
375,10594,small,1.0
376,10594,medium,0.0
377,10594,large,1.0
378,10595,small,0.0
379,10595,medium,0.0
380,10595,large,0.0
381,10598,small,0.0
382,10598,medium,0.0
383,10598,large,0.0
384,10601,small,0.0
385,10601,medium,0.0
386,10601,large,0.0
387,10603,small,0.0
388,10603,medium,1.0
389,10603,large,3.0
390,10604,small,0.0
391,10604,medium,0.0
392,10604,large,0.0
393,10605,small,0.0
394,10605,medium,0.0
395,10605,large,0.0
396,10606,small,0.0
397,10606,medium,0.0
398,10606,large,0.0
399,10607,small,0.0
400,10607,medium,0.0
401,10607,large,0.0
402,10701,small,0.0
403,10701,medium,0.0
404,10701,large,10.0
405,10703,small,0.0
406,10703,medium,0.0
407,10703,large,3.0
408,10704,small,0.0
409,10704,medium,0.0
410,10704,large,6.0
411,10705,small,0.0
412,10705,medium,0.0
413,10705,large,4.0
414,10706,small,0.0
415,10706,medium,0.0
416,10706,large,0.0
417,10707,small,0.0
418,10707,medium,0.0
419,10707,large,1.0
420,10708,small,1.0
421,10708,medium,0.0
422,10708,large,3.0
423,10709,small,1.0
424,10709,medium,0.0
425,10709,large,1.0
426,10710,small,0.0
427,10710,medium,0.0
428,10710,large,4.0
429,10801,small,0.0
430,10801,medium,0.0
431,10801,large,2.0
432,10803,small,0.0
433,10803,medium,1.0
434,10803,large,0.0
435,10804,small,0.0
436,10804,medium,0.0
437,10804,large,0.0
438,10805,small,1.0
439,10805,medium,0.0
440,10805,large,3.0
441,10901,small,0.0
442,10901,medium,0.0
443,10901,large,2.0
444,10913,small,0.0
445,10913,medium,0.0
446,10913,large,0.0
447,10916,small,0.0
448,10916,medium,0.0
449,10916,large,1.0
450,10917,small,0.0
451,10917,medium,0.0
452,10917,large,1.0
453,10918,small,0.0
454,10918,medium,0.0
455,10918,large,2.0
456,10919,small,0.0
457,10919,medium,0.0
458,10919,large,0.0
459,10920,small,0.0
460,10920,medium,0.0
461,10920,large,0.0
462,10921,small,0.0
463,10921,medium,0.0
464,10921,large,0.0
465,10923,small,1.0
466,10923,medium,0.0
467,10923,large,2.0
468,10924,small,0.0
469,10924,medium,0.0
470,10924,large,1.0
471,10925,small,0.0
472,10925,medium,1.0
473,10925,large,0.0
474,10926,small,0.0
475,10926,medium,0.0
476,10926,large,1.0
477,10927,small,0.0
478,10927,medium,0.0
479,10927,large,2.0
480,10928,small,0.0
481,10928,medium,0.0
482,10928,large,1.0
483,10930,small,0.0
484,10930,medium,0.0
485,10930,large,1.0
486,10940,small,0.0
487,10940,medium,0.0
488,10940,large,7.0
489,10941,small,0.0
490,10941,medium,0.0
491,10941,large,0.0
492,10950,small,0.0
493,10950,medium,0.0
494,10950,large,26.0
495,10952,small,0.0
496,10952,medium,0.0
497,10952,large,23.0
498,10954,small,0.0
499,10954,medium,0.0
500,10954,large,4.0
501,10956,small,0.0
502,10956,medium,0.0
503,10956,large,0.0
504,10960,small,1.0
505,10960,medium,0.0
506,10960,large,0.0
507,10962,small,0.0
508,10962,medium,0.0
509,10962,large,1.0
510,10963,small,0.0
511,10963,medium,1.0
512,10963,large,0.0
513,10964,small,0.0
514,10964,medium,0.0
515,10964,large,0.0
516,10965,small,0.0
517,10965,medium,0.0
518,10965,large,1.0
519,10968,small,0.0
520,10968,medium,0.0
521,10968,large,0.0
522,10970,small,0.0
523,10970,medium,1.0
524,10970,large,3.0
525,10973,small,0.0
526,10973,medium,0.0
527,10973,large,0.0
528,10974,small,0.0
529,10974,medium,0.0
530,10974,large,1.0
531,10977,small,0.0
532,10977,medium,0.0
533,10977,large,22.0
534,10980,small,0.0
535,10980,medium,0.0
536,10980,large,2.0
537,10983,small,0.0
538,10983,medium,1.0
539,10983,large,0.0
540,10984,small,0.0
541,10984,medium,0.0
542,10984,large,1.0
543,10987,small,0.0
544,10987,medium,1.0
545,10987,large,0.0
546,10989,small,1.0
547,10989,medium,0.0
548,10989,large,0.0
549,10990,small,0.0
550,10990,medium,0.0
551,10990,large,1.0
552,10992,small,0.0
553,10992,medium,0.0
554,10992,large,1.0
555,10993,small,0.0
556,10993,medium,0.0
557,10993,large,0.0
558,10994,small,0.0
559,10994,medium,0.0
560,10994,large,0.0
561,10998,small,0.0
562,10998,medium,0.0
563,10998,large,1.0
564,11001,small,0.0
565,11001,medium,0.0
566,11001,large,3.0
567,11003,small,0.0
568,11003,medium,0.0
569,11003,large,7.0
570,11004,small,0.0
571,11004,medium,0.0
572,11004,large,3.0
573,11010,small,0.0
574,11010,medium,0.0
575,11010,large,5.0
576,11020,small,1.0
577,11020,medium,0.0
578,11020,large,0.0
579,11021,small,0.0
580,11021,medium,0.0
581,11021,large,2.0
582,11023,small,1.0
583,11023,medium,0.0
584,11023,large,1.0
585,11024,small,0.0
586,11024,medium,0.0
587,11024,large,1.0
588,11030,small,0.0
589,11030,medium,0.0
590,11030,large,1.0
591,11040,small,0.0
592,11040,medium,0.0
593,11040,large,2.0
594,11050,small,0.0
595,11050,medium,0.0
596,11050,large,0.0
597,11096,small,0.0
598,11096,medium,0.0
599,11096,large,2.0
600,11101,small,0.0
601,11101,medium,0.0
602,11101,large,6.0
603,11102,small,0.0
604,11102,medium,0.0
605,11102,large,4.0
606,11103,small,0.0
607,11103,medium,0.0
608,11103,large,5.0
609,11104,small,0.0
610,11104,medium,0.0
611,11104,large,5.0
612,11105,small,0.0
613,11105,medium,0.0
614,11105,large,7.0
615,11106,small,0.0
616,11106,medium,0.0
617,11106,large,6.0
618,11109,small,0.0
619,11109,medium,0.0
620,11109,large,3.0
621,11201,small,0.0
622,11201,medium,0.0
623,11201,large,15.0
624,11203,small,0.0
625,11203,medium,0.0
626,11203,large,11.0
627,11204,small,0.0
628,11204,medium,0.0
629,11204,large,22.0
630,11205,small,0.0
631,11205,medium,0.0
632,11205,large,15.0
633,11206,small,0.0
634,11206,medium,0.0
635,11206,large,22.0
636,11207,small,0.0
637,11207,medium,0.0
638,11207,large,17.0
639,11208,small,0.0
640,11208,medium,0.0
641,11208,large,25.0
642,11209,small,0.0
643,11209,medium,0.0
644,11209,large,13.0
645,11210,small,0.0
646,11210,medium,0.0
647,11210,large,11.0
648,11211,small,0.0
649,11211,medium,0.0
650,11211,large,15.0
651,11212,small,0.0
652,11212,medium,0.0
653,11212,large,16.0
654,11213,small,0.0
655,11213,medium,0.0
656,11213,large,15.0
657,11214,small,0.0
658,11214,medium,0.0
659,11214,large,16.0
660,11215,small,0.0
661,11215,medium,0.0
662,11215,large,17.0
663,11216,small,0.0
664,11216,medium,0.0
665,11216,large,9.0
666,11217,small,0.0
667,11217,medium,0.0
668,11217,large,12.0
669,11218,small,0.0
670,11218,medium,0.0
671,11218,large,15.0
672,11219,small,0.0
673,11219,medium,0.0
674,11219,large,40.0
675,11220,small,0.0
676,11220,medium,0.0
677,11220,large,18.0
678,11221,small,0.0
679,11221,medium,0.0
680,11221,large,14.0
681,11222,small,0.0
682,11222,medium,0.0
683,11222,large,8.0
684,11223,small,0.0
685,11223,medium,0.0
686,11223,large,21.0
687,11224,small,0.0
688,11224,medium,0.0
689,11224,large,7.0
690,11225,small,0.0
691,11225,medium,0.0
692,11225,large,9.0
693,11226,small,0.0
694,11226,medium,0.0
695,11226,large,17.0
696,11228,small,0.0
697,11228,medium,0.0
698,11228,large,7.0
699,11229,small,0.0
700,11229,medium,0.0
701,11229,large,15.0
702,11230,small,0.0
703,11230,medium,0.0
704,11230,large,26.0
705,11231,small,0.0
706,11231,medium,0.0
707,11231,large,10.0
708,11232,small,0.0
709,11232,medium,0.0
710,11232,large,4.0
711,11233,small,0.0
712,11233,medium,0.0
713,11233,large,17.0
714,11234,small,0.0
715,11234,medium,0.0
716,11234,large,14.0
717,11235,small,0.0
718,11235,medium,0.0
719,11235,large,14.0
720,11236,small,0.0
721,11236,medium,0.0
722,11236,large,17.0
723,11237,small,0.0
724,11237,medium,0.0
725,11237,large,6.0
726,11238,small,0.0
727,11238,medium,0.0
728,11238,large,14.0
729,11239,small,0.0
730,11239,medium,0.0
731,11239,large,1.0
732,11354,small,0.0
733,11354,medium,0.0
734,11354,large,8.0
735,11355,small,0.0
736,11355,medium,0.0
737,11355,large,10.0
738,11356,small,0.0
739,11356,medium,0.0
740,11356,large,6.0
741,11357,small,0.0
742,11357,medium,0.0
743,11357,large,7.0
744,11358,small,1.0
745,11358,medium,0.0
746,11358,large,6.0
747,11360,small,0.0
748,11360,medium,0.0
749,11360,large,3.0
750,11361,small,0.0
751,11361,medium,0.0
752,11361,large,5.0
753,11362,small,0.0
754,11362,medium,0.0
755,11362,large,2.0
756,11363,small,0.0
757,11363,medium,0.0
758,11363,large,1.0
759,11364,small,0.0
760,11364,medium,0.0
761,11364,large,6.0
762,11365,small,0.0
763,11365,medium,0.0
764,11365,large,9.0
765,11366,small,0.0
766,11366,medium,0.0
767,11366,large,3.0
768,11367,small,0.0
769,11367,medium,0.0
770,11367,large,12.0
771,11368,small,0.0
772,11368,medium,0.0
773,11368,large,24.0
774,11369,small,0.0
775,11369,medium,0.0
776,11369,large,4.0
777,11370,small,0.0
778,11370,medium,0.0
779,11370,large,4.0
780,11372,small,0.0
781,11372,medium,0.0
782,11372,large,12.0
783,11373,small,0.0
784,11373,medium,0.0
785,11373,large,17.0
786,11374,small,0.0
787,11374,medium,0.0
788,11374,large,9.0
789,11375,small,0.0
790,11375,medium,0.0
791,11375,large,14.0
792,11377,small,0.0
793,11377,medium,0.0
794,11377,large,16.0
795,11378,small,0.0
796,11378,medium,0.0
797,11378,large,8.0
798,11379,small,0.0
799,11379,medium,0.0
800,11379,large,5.0
801,11385,small,0.0
802,11385,medium,0.0
803,11385,large,18.0
804,11411,small,0.0
805,11411,medium,0.0
806,11411,large,3.0
807,11412,small,0.0
808,11412,medium,0.0
809,11412,large,6.0
810,11413,small,0.0
811,11413,medium,0.0
812,11413,large,6.0
813,11414,small,0.0
814,11414,medium,0.0
815,11414,large,7.0
816,11415,small,0.0
817,11415,medium,0.0
818,11415,large,4.0
819,11416,small,0.0
820,11416,medium,0.0
821,11416,large,6.0
822,11417,small,1.0
823,11417,medium,0.0
824,11417,large,6.0
825,11418,small,0.0
826,11418,medium,0.0
827,11418,large,7.0
828,11419,small,0.0
829,11419,medium,0.0
830,11419,large,6.0
831,11420,small,0.0
832,11420,medium,0.0
833,11420,large,7.0
834,11421,small,0.0
835,11421,medium,0.0
836,11421,large,8.0
837,11422,small,0.0
838,11422,medium,0.0
839,11422,large,4.0
840,11423,small,0.0
841,11423,medium,0.0
842,11423,large,4.0
843,11426,small,0.0
844,11426,medium,0.0
845,11426,large,4.0
846,11427,small,0.0
847,11427,medium,0.0
848,11427,large,6.0
849,11428,small,0.0
850,11428,medium,0.0
851,11428,large,3.0
852,11429,small,0.0
853,11429,medium,0.0
854,11429,large,4.0
855,11432,small,0.0
856,11432,medium,0.0
857,11432,large,13.0
858,11433,small,0.0
859,11433,medium,0.0
860,11433,large,8.0
861,11434,small,0.0
862,11434,medium,0.0
863,11434,large,12.0
864,11435,small,0.0
865,11435,medium,0.0
866,11435,large,15.0
867,11436,small,0.0
868,11436,medium,0.0
869,11436,large,3.0
870,11501,small,0.0
871,11501,medium,0.0
872,11501,large,0.0
873,11507,small,0.0
874,11507,medium,0.0
875,11507,large,1.0
876,11510,small,0.0
877,11510,medium,0.0
878,11510,large,3.0
879,11514,small,1.0
880,11514,medium,0.0
881,11514,large,0.0
882,11516,small,0.0
883,11516,medium,0.0
884,11516,large,1.0
885,11518,small,0.0
886,11518,medium,0.0
887,11518,large,0.0
888,11520,small,0.0
889,11520,medium,0.0
890,11520,large,4.0
891,11530,small,0.0
892,11530,medium,0.0
893,11530,large,3.0
894,11542,small,0.0
895,11542,medium,0.0
896,11542,large,0.0
897,11545,small,0.0
898,11545,medium,0.0
899,11545,large,0.0
900,11548,small,0.0
901,11548,medium,0.0
902,11548,large,0.0
903,11550,small,0.0
904,11550,medium,0.0
905,11550,large,10.0
906,11552,small,0.0
907,11552,medium,0.0
908,11552,large,3.0
909,11553,small,0.0
910,11553,medium,0.0
911,11553,large,6.0
912,11554,small,0.0
913,11554,medium,0.0
914,11554,large,5.0
915,11557,small,1.0
916,11557,medium,0.0
917,11557,large,0.0
918,11558,small,1.0
919,11558,medium,0.0
920,11558,large,1.0
921,11559,small,0.0
922,11559,medium,0.0
923,11559,large,0.0
924,11560,small,0.0
925,11560,medium,0.0
926,11560,large,1.0
927,11561,small,1.0
928,11561,medium,0.0
929,11561,large,3.0
930,11563,small,0.0
931,11563,medium,0.0
932,11563,large,0.0
933,11565,small,0.0
934,11565,medium,0.0
935,11565,large,1.0
936,11566,small,0.0
937,11566,medium,0.0
938,11566,large,1.0
939,11568,small,0.0
940,11568,medium,0.0
941,11568,large,0.0
942,11570,small,0.0
943,11570,medium,0.0
944,11570,large,2.0
945,11572,small,0.0
946,11572,medium,1.0
947,11572,large,0.0
948,11575,small,0.0
949,11575,medium,0.0
950,11575,large,4.0
951,11576,small,0.0
952,11576,medium,0.0
953,11576,large,0.0
954,11577,small,0.0
955,11577,medium,0.0
956,11577,large,0.0
957,11579,small,0.0
958,11579,medium,0.0
959,11579,large,1.0
960,11580,small,0.0
961,11580,medium,0.0
962,11580,large,3.0
963,11581,small,0.0
964,11581,medium,0.0
965,11581,large,3.0
966,11590,small,0.0
967,11590,medium,0.0
968,11590,large,7.0
969,11596,small,0.0
970,11596,medium,0.0
971,11596,large,1.0
972,11598,small,0.0
973,11598,medium,0.0
974,11598,large,2.0
975,11691,small,0.0
976,11691,medium,0.0
977,11691,large,19.0
978,11692,small,0.0
979,11692,medium,0.0
980,11692,large,5.0
981,11693,small,0.0
982,11693,medium,0.0
983,11693,large,2.0
984,11694,small,0.0
985,11694,medium,0.0
986,11694,large,4.0
987,11701,small,0.0
988,11701,medium,0.0
989,11701,large,3.0
990,11702,small,0.0
991,11702,medium,0.0
992,11702,large,2.0
993,11703,small,0.0
994,11703,medium,0.0
995,11703,large,2.0
996,11704,small,0.0
997,11704,medium,0.0
998,11704,large,5.0
999,11705,small,0.0
1000,11705,medium,0.0
1001,11705,large,1.0
1002,11706,small,0.0
1003,11706,medium,0.0
1004,11706,large,8.0
1005,11709,small,0.0
1006,11709,medium,0.0
1007,11709,large,1.0
1008,11710,small,0.0
1009,11710,medium,0.0
1010,11710,large,2.0
1011,11713,small,1.0
1012,11713,medium,0.0
1013,11713,large,1.0
1014,11714,small,0.0
1015,11714,medium,0.0
1016,11714,large,2.0
1017,11715,small,0.0
1018,11715,medium,0.0
1019,11715,large,1.0
1020,11716,small,0.0
1021,11716,medium,0.0
1022,11716,large,0.0
1023,11717,small,0.0
1024,11717,medium,0.0
1025,11717,large,10.0
1026,11719,small,1.0
1027,11719,medium,0.0
1028,11719,large,0.0
1029,11720,small,0.0
1030,11720,medium,0.0
1031,11720,large,5.0
1032,11721,small,1.0
1033,11721,medium,0.0
1034,11721,large,0.0
1035,11722,small,0.0
1036,11722,medium,0.0
1037,11722,large,8.0
1038,11724,small,0.0
1039,11724,medium,1.0
1040,11724,large,0.0
1041,11725,small,0.0
1042,11725,medium,0.0
1043,11725,large,0.0
1044,11726,small,0.0
1045,11726,medium,0.0
1046,11726,large,5.0
1047,11727,small,0.0
1048,11727,medium,0.0
1049,11727,large,4.0
1050,11729,small,0.0
1051,11729,medium,0.0
1052,11729,large,3.0
1053,11730,small,0.0
1054,11730,medium,0.0
1055,11730,large,2.0
1056,11731,small,0.0
1057,11731,medium,0.0
1058,11731,large,4.0
1059,11733,small,0.0
1060,11733,medium,0.0
1061,11733,large,0.0
1062,11735,small,0.0
1063,11735,medium,0.0
1064,11735,large,1.0
1065,11738,small,0.0
1066,11738,medium,0.0
1067,11738,large,3.0
1068,11740,small,0.0
1069,11740,medium,0.0
1070,11740,large,1.0
1071,11741,small,0.0
1072,11741,medium,0.0
1073,11741,large,4.0
1074,11742,small,1.0
1075,11742,medium,0.0
1076,11742,large,1.0
1077,11743,small,0.0
1078,11743,medium,0.0
1079,11743,large,0.0
1080,11746,small,0.0
1081,11746,medium,0.0
1082,11746,large,3.0
1083,11747,small,0.0
1084,11747,medium,0.0
1085,11747,large,0.0
1086,11749,small,0.0
1087,11749,medium,0.0
1088,11749,large,0.0
1089,11751,small,0.0
1090,11751,medium,0.0
1091,11751,large,2.0
1092,11752,small,0.0
1093,11752,medium,0.0
1094,11752,large,0.0
1095,11753,small,0.0
1096,11753,medium,1.0
1097,11753,large,1.0
1098,11754,small,0.0
1099,11754,medium,0.0
1100,11754,large,2.0
1101,11755,small,0.0
1102,11755,medium,1.0
1103,11755,large,1.0
1104,11756,small,0.0
1105,11756,medium,0.0
1106,11756,large,2.0
1107,11757,small,0.0
1108,11757,medium,0.0
1109,11757,large,5.0
1110,11758,small,0.0
1111,11758,medium,0.0
1112,11758,large,4.0
1113,11762,small,0.0
1114,11762,medium,0.0
1115,11762,large,4.0
1116,11763,small,0.0
1117,11763,medium,0.0
1118,11763,large,1.0
1119,11764,small,0.0
1120,11764,medium,0.0
1121,11764,large,0.0
1122,11765,small,1.0
1123,11765,medium,0.0
1124,11765,large,0.0
1125,11766,small,0.0
1126,11766,medium,0.0
1127,11766,large,1.0
1128,11767,small,0.0
1129,11767,medium,1.0
1130,11767,large,1.0
1131,11768,small,0.0
1132,11768,medium,0.0
1133,11768,large,0.0
1134,11769,small,0.0
1135,11769,medium,1.0
1136,11769,large,0.0
1137,11771,small,0.0
1138,11771,medium,1.0
1139,11771,large,2.0
1140,11772,small,0.0
1141,11772,medium,0.0
1142,11772,large,4.0
1143,11776,small,0.0
1144,11776,medium,1.0
1145,11776,large,3.0
1146,11777,small,0.0
1147,11777,medium,1.0
1148,11777,large,0.0
1149,11778,small,1.0
1150,11778,medium,0.0
1151,11778,large,2.0
1152,11779,small,0.0
1153,11779,medium,0.0
1154,11779,large,0.0
1155,11780,small,0.0
1156,11780,medium,1.0
1157,11780,large,1.0
1158,11782,small,0.0
1159,11782,medium,0.0
1160,11782,large,2.0
1161,11783,small,0.0
1162,11783,medium,0.0
1163,11783,large,1.0
1164,11784,small,0.0
1165,11784,medium,0.0
1166,11784,large,5.0
1167,11786,small,0.0
1168,11786,medium,1.0
1169,11786,large,0.0
1170,11787,small,0.0
1171,11787,medium,0.0
1172,11787,large,0.0
1173,11788,small,0.0
1174,11788,medium,0.0
1175,11788,large,0.0
1176,11790,small,0.0
1177,11790,medium,0.0
1178,11790,large,1.0
1179,11791,small,0.0
1180,11791,medium,0.0
1181,11791,large,0.0
1182,11792,small,0.0
1183,11792,medium,1.0
1184,11792,large,0.0
1185,11793,small,0.0
1186,11793,medium,0.0
1187,11793,large,2.0
1188,11795,small,0.0
1189,11795,medium,0.0
1190,11795,large,2.0
1191,11796,small,0.0
1192,11796,medium,0.0
1193,11796,large,1.0
1194,11797,small,0.0
1195,11797,medium,0.0
1196,11797,large,0.0
1197,11798,small,0.0
1198,11798,medium,0.0
1199,11798,large,3.0
1200,11801,small,0.0
1201,11801,medium,0.0
1202,11801,large,1.0
1203,11803,small,0.0
1204,11803,medium,0.0
1205,11803,large,0.0
1206,11901,small,0.0
1207,11901,medium,0.0
1208,11901,large,5.0
1209,11933,small,0.0
1210,11933,medium,0.0
1211,11933,large,1.0
1212,11934,small,0.0
1213,11934,medium,0.0
1214,11934,large,1.0
1215,11935,small,1.0
1216,11935,medium,0.0
1217,11935,large,0.0
1218,11937,small,1.0
1219,11937,medium,0.0
1220,11937,large,3.0
1221,11940,small,0.0
1222,11940,medium,0.0
1223,11940,large,1.0
1224,11941,small,0.0
1225,11941,medium,1.0
1226,11941,large,0.0
1227,11946,small,0.0
1228,11946,medium,0.0
1229,11946,large,3.0
1230,11948,small,0.0
1231,11948,medium,0.0
1232,11948,large,0.0
1233,11949,small,1.0
1234,11949,medium,0.0
1235,11949,large,1.0
1236,11950,small,0.0
1237,11950,medium,1.0
1238,11950,large,3.0
1239,11951,small,0.0
1240,11951,medium,1.0
1241,11951,large,3.0
1242,11953,small,0.0
1243,11953,medium,0.0
1244,11953,large,0.0
1245,11954,small,0.0
1246,11954,medium,0.0
1247,11954,large,1.0
1248,11955,small,1.0
1249,11955,medium,0.0
1250,11955,large,0.0
1251,11961,small,0.0
1252,11961,medium,1.0
1253,11961,large,1.0
1254,11963,small,0.0
1255,11963,medium,0.0
1256,11963,large,1.0
1257,11967,small,0.0
1258,11967,medium,1.0
1259,11967,large,3.0
1260,11968,small,0.0
1261,11968,medium,0.0
1262,11968,large,1.0
1263,11971,small,0.0
1264,11971,medium,1.0
1265,11971,large,0.0
1266,11977,small,1.0
1267,11977,medium,0.0
1268,11977,large,0.0
1269,11978,small,0.0
1270,11978,medium,0.0
1271,11978,large,0.0
1272,11980,small,0.0
1273,11980,medium,0.0
1274,11980,large,0.0
1275,12009,small,0.0
1276,12009,medium,1.0
1277,12009,large,1.0
1278,12010,small,0.0
1279,12010,medium,0.0
1280,12010,large,3.0
1281,12018,small,0.0
1282,12018,medium,0.0
1283,12018,large,2.0
1284,12019,small,0.0
1285,12019,medium,0.0
1286,12019,large,2.0
1287,12020,small,0.0
1288,12020,medium,0.0
1289,12020,large,0.0
1290,12022,small,1.0
1291,12022,medium,0.0
1292,12022,large,0.0
1293,12027,small,1.0
1294,12027,medium,0.0
1295,12027,large,0.0
1296,12028,small,1.0
1297,12028,medium,0.0
1298,12028,large,0.0
1299,12033,small,0.0
1300,12033,medium,0.0
1301,12033,large,0.0
1302,12037,small,0.0
1303,12037,medium,0.0
1304,12037,large,1.0
1305,12043,small,0.0
1306,12043,medium,0.0
1307,12043,large,0.0
1308,12047,small,0.0
1309,12047,medium,0.0
1310,12047,large,2.0
1311,12051,small,0.0
1312,12051,medium,0.0
1313,12051,large,1.0
1314,12053,small,1.0
1315,12053,medium,0.0
1316,12053,large,0.0
1317,12054,small,0.0
1318,12054,medium,0.0
1319,12054,large,1.0
1320,12056,small,0.0
1321,12056,medium,0.0
1322,12056,large,0.0
1323,12057,small,0.0
1324,12057,medium,1.0
1325,12057,large,0.0
1326,12061,small,0.0
1327,12061,medium,1.0
1328,12061,large,1.0
1329,12065,small,0.0
1330,12065,medium,0.0
1331,12065,large,0.0
1332,12067,small,1.0
1333,12067,medium,0.0
1334,12067,large,0.0
1335,12068,small,1.0
1336,12068,medium,0.0
1337,12068,large,0.0
1338,12074,small,0.0
1339,12074,medium,0.0
1340,12074,large,1.0
1341,12077,small,1.0
1342,12077,medium,0.0
1343,12077,large,1.0
1344,12078,small,0.0
1345,12078,medium,0.0
1346,12078,large,3.0
1347,12083,small,1.0
1348,12083,medium,0.0
1349,12083,large,0.0
1350,12084,small,0.0
1351,12084,medium,0.0
1352,12084,large,1.0
1353,12085,small,0.0
1354,12085,medium,0.0
1355,12085,large,0.0
1356,12086,small,0.0
1357,12086,medium,0.0
1358,12086,large,0.0
1359,12090,small,1.0
1360,12090,medium,0.0
1361,12090,large,1.0
1362,12093,small,1.0
1363,12093,medium,0.0
1364,12093,large,0.0
1365,12095,small,0.0
1366,12095,medium,0.0
1367,12095,large,1.0
1368,12110,small,0.0
1369,12110,medium,0.0
1370,12110,large,0.0
1371,12116,small,1.0
1372,12116,medium,0.0
1373,12116,large,0.0
1374,12117,small,0.0
1375,12117,medium,1.0
1376,12117,large,0.0
1377,12118,small,0.0
1378,12118,medium,1.0
1379,12118,large,2.0
1380,12120,small,1.0
1381,12120,medium,0.0
1382,12120,large,0.0
1383,12122,small,1.0
1384,12122,medium,0.0
1385,12122,large,0.0
1386,12123,small,0.0
1387,12123,medium,0.0
1388,12123,large,1.0
1389,12134,small,0.0
1390,12134,medium,0.0
1391,12134,large,1.0
1392,12136,small,1.0
1393,12136,medium,0.0
1394,12136,large,0.0
1395,12137,small,0.0
1396,12137,medium,1.0
1397,12137,large,0.0
1398,12138,small,0.0
1399,12138,medium,1.0
1400,12138,large,0.0
1401,12140,small,0.0
1402,12140,medium,1.0
1403,12140,large,0.0
1404,12143,small,1.0
1405,12143,medium,0.0
1406,12143,large,0.0
1407,12144,small,1.0
1408,12144,medium,0.0
1409,12144,large,2.0
1410,12148,small,0.0
1411,12148,medium,1.0
1412,12148,large,0.0
1413,12149,small,0.0
1414,12149,medium,1.0
1415,12149,large,0.0
1416,12151,small,1.0
1417,12151,medium,0.0
1418,12151,large,0.0
1419,12154,small,0.0
1420,12154,medium,1.0
1421,12154,large,0.0
1422,12155,small,1.0
1423,12155,medium,0.0
1424,12155,large,0.0
1425,12157,small,0.0
1426,12157,medium,0.0
1427,12157,large,0.0
1428,12158,small,0.0
1429,12158,medium,1.0
1430,12158,large,0.0
1431,12159,small,0.0
1432,12159,medium,1.0
1433,12159,large,0.0
1434,12160,small,1.0
1435,12160,medium,0.0
1436,12160,large,0.0
1437,12167,small,0.0
1438,12167,medium,1.0
1439,12167,large,0.0
1440,12170,small,0.0
1441,12170,medium,0.0
1442,12170,large,1.0
1443,12180,small,0.0
1444,12180,medium,0.0
1445,12180,large,2.0
1446,12182,small,0.0
1447,12182,medium,1.0
1448,12182,large,1.0
1449,12183,small,0.0
1450,12183,medium,0.0
1451,12183,large,1.0
1452,12184,small,0.0
1453,12184,medium,0.0
1454,12184,large,1.0
1455,12186,small,0.0
1456,12186,medium,1.0
1457,12186,large,0.0
1458,12187,small,1.0
1459,12187,medium,0.0
1460,12187,large,0.0
1461,12188,small,1.0
1462,12188,medium,0.0
1463,12188,large,1.0
1464,12189,small,0.0
1465,12189,medium,0.0
1466,12189,large,2.0
1467,12190,small,1.0
1468,12190,medium,0.0
1469,12190,large,0.0
1470,12196,small,0.0
1471,12196,medium,1.0
1472,12196,large,0.0
1473,12197,small,1.0
1474,12197,medium,0.0
1475,12197,large,0.0
1476,12198,small,0.0
1477,12198,medium,1.0
1478,12198,large,0.0
1479,12202,small,1.0
1480,12202,medium,0.0
1481,12202,large,2.0
1482,12203,small,0.0
1483,12203,medium,0.0
1484,12203,large,0.0
1485,12204,small,0.0
1486,12204,medium,0.0
1487,12204,large,3.0
1488,12205,small,0.0
1489,12205,medium,0.0
1490,12205,large,1.0
1491,12206,small,0.0
1492,12206,medium,0.0
1493,12206,large,0.0
1494,12207,small,0.0
1495,12207,medium,0.0
1496,12207,large,0.0
1497,12208,small,0.0
1498,12208,medium,0.0
1499,12208,large,0.0
1500,12209,small,0.0
1501,12209,medium,0.0
1502,12209,large,2.0
1503,12210,small,0.0
1504,12210,medium,0.0
1505,12210,large,0.0
1506,12211,small,0.0
1507,12211,medium,0.0
1508,12211,large,2.0
1509,12302,small,0.0
1510,12302,medium,0.0
1511,12302,large,3.0
1512,12303,small,0.0
1513,12303,medium,0.0
1514,12303,large,2.0
1515,12304,small,0.0
1516,12304,medium,0.0
1517,12304,large,2.0
1518,12305,small,0.0
1519,12305,medium,0.0
1520,12305,large,0.0
1521,12306,small,0.0
1522,12306,medium,0.0
1523,12306,large,4.0
1524,12307,small,0.0
1525,12307,medium,0.0
1526,12307,large,2.0
1527,12308,small,0.0
1528,12308,medium,0.0
1529,12308,large,2.0
1530,12309,small,0.0
1531,12309,medium,0.0
1532,12309,large,5.0
1533,12401,small,0.0
1534,12401,medium,0.0
1535,12401,large,4.0
1536,12404,small,0.0
1537,12404,medium,0.0
1538,12404,large,1.0
1539,12405,small,1.0
1540,12405,medium,0.0
1541,12405,large,0.0
1542,12406,small,0.0
1543,12406,medium,0.0
1544,12406,large,0.0
1545,12413,small,1.0
1546,12413,medium,0.0
1547,12413,large,0.0
1548,12414,small,0.0
1549,12414,medium,0.0
1550,12414,large,2.0
1551,12419,small,0.0
1552,12419,medium,1.0
1553,12419,large,0.0
1554,12428,small,0.0
1555,12428,medium,0.0
1556,12428,large,1.0
1557,12431,small,0.0
1558,12431,medium,1.0
1559,12431,large,0.0
1560,12434,small,0.0
1561,12434,medium,1.0
1562,12434,large,0.0
1563,12443,small,0.0
1564,12443,medium,0.0
1565,12443,large,0.0
1566,12446,small,0.0
1567,12446,medium,0.0
1568,12446,large,1.0
1569,12449,small,0.0
1570,12449,medium,0.0
1571,12449,large,0.0
1572,12451,small,1.0
1573,12451,medium,0.0
1574,12451,large,0.0
1575,12455,small,1.0
1576,12455,medium,0.0
1577,12455,large,0.0
1578,12457,small,0.0
1579,12457,medium,1.0
1580,12457,large,0.0
1581,12461,small,1.0
1582,12461,medium,0.0
1583,12461,large,0.0
1584,12463,small,1.0
1585,12463,medium,0.0
1586,12463,large,0.0
1587,12464,small,0.0
1588,12464,medium,0.0
1589,12464,large,0.0
1590,12466,small,0.0
1591,12466,medium,1.0
1592,12466,large,0.0
1593,12477,small,0.0
1594,12477,medium,0.0
1595,12477,large,1.0
1596,12484,small,1.0
1597,12484,medium,0.0
1598,12484,large,0.0
1599,12485,small,1.0
1600,12485,medium,0.0
1601,12485,large,0.0
1602,12498,small,1.0
1603,12498,medium,0.0
1604,12498,large,0.0
1605,12501,small,0.0
1606,12501,medium,0.0
1607,12501,large,0.0
1608,12508,small,0.0
1609,12508,medium,0.0
1610,12508,large,0.0
1611,12518,small,0.0
1612,12518,medium,0.0
1613,12518,large,1.0
1614,12520,small,0.0
1615,12520,medium,0.0
1616,12520,large,0.0
1617,12521,small,1.0
1618,12521,medium,0.0
1619,12521,large,0.0
1620,12522,small,0.0
1621,12522,medium,1.0
1622,12522,large,0.0
1623,12524,small,0.0
1624,12524,medium,0.0
1625,12524,large,1.0
1626,12526,small,0.0
1627,12526,medium,1.0
1628,12526,large,0.0
1629,12528,small,0.0
1630,12528,medium,0.0
1631,12528,large,1.0
1632,12531,small,1.0
1633,12531,medium,0.0
1634,12531,large,0.0
1635,12533,small,0.0
1636,12533,medium,0.0
1637,12533,large,2.0
1638,12534,small,0.0
1639,12534,medium,0.0
1640,12534,large,1.0
1641,12538,small,0.0
1642,12538,medium,0.0
1643,12538,large,0.0
1644,12540,small,1.0
1645,12540,medium,0.0
1646,12540,large,1.0
1647,12542,small,1.0
1648,12542,medium,0.0
1649,12542,large,0.0
1650,12545,small,1.0
1651,12545,medium,0.0
1652,12545,large,0.0
1653,12546,small,1.0
1654,12546,medium,0.0
1655,12546,large,0.0
1656,12547,small,1.0
1657,12547,medium,0.0
1658,12547,large,0.0
1659,12549,small,0.0
1660,12549,medium,0.0
1661,12549,large,0.0
1662,12550,small,0.0
1663,12550,medium,0.0
1664,12550,large,5.0
1665,12553,small,0.0
1666,12553,medium,0.0
1667,12553,large,1.0
1668,12561,small,0.0
1669,12561,medium,0.0
1670,12561,large,1.0
1671,12563,small,0.0
1672,12563,medium,0.0
1673,12563,large,0.0
1674,12564,small,0.0
1675,12564,medium,0.0
1676,12564,large,1.0
1677,12565,small,0.0
1678,12565,medium,1.0
1679,12565,large,0.0
1680,12566,small,0.0
1681,12566,medium,0.0
1682,12566,large,2.0
1683,12569,small,0.0
1684,12569,medium,1.0
1685,12569,large,1.0
1686,12570,small,0.0
1687,12570,medium,0.0
1688,12570,large,2.0
1689,12571,small,0.0
1690,12571,medium,1.0
1691,12571,large,0.0
1692,12572,small,1.0
1693,12572,medium,0.0
1694,12572,large,0.0
1695,12575,small,1.0
1696,12575,medium,0.0
1697,12575,large,0.0
1698,12577,small,1.0
1699,12577,medium,0.0
1700,12577,large,0.0
1701,12578,small,1.0
1702,12578,medium,0.0
1703,12578,large,0.0
1704,12580,small,0.0
1705,12580,medium,0.0
1706,12580,large,1.0
1707,12581,small,0.0
1708,12581,medium,1.0
1709,12581,large,0.0
1710,12582,small,0.0
1711,12582,medium,1.0
1712,12582,large,0.0
1713,12583,small,1.0
1714,12583,medium,0.0
1715,12583,large,0.0
1716,12585,small,1.0
1717,12585,medium,0.0
1718,12585,large,0.0
1719,12586,small,0.0
1720,12586,medium,1.0
1721,12586,large,2.0
1722,12589,small,1.0
1723,12589,medium,0.0
1724,12589,large,3.0
1725,12590,small,0.0
1726,12590,medium,0.0
1727,12590,large,1.0
1728,12594,small,0.0
1729,12594,medium,0.0
1730,12594,large,0.0
1731,12601,small,0.0
1732,12601,medium,0.0
1733,12601,large,4.0
1734,12603,small,0.0
1735,12603,medium,0.0
1736,12603,large,4.0
1737,12701,small,0.0
1738,12701,medium,0.0
1739,12701,large,1.0
1740,12719,small,1.0
1741,12719,medium,0.0
1742,12719,large,0.0
1743,12721,small,0.0
1744,12721,medium,1.0
1745,12721,large,2.0
1746,12723,small,1.0
1747,12723,medium,0.0
1748,12723,large,0.0
1749,12725,small,1.0
1750,12725,medium,0.0
1751,12725,large,0.0
1752,12726,small,0.0
1753,12726,medium,1.0
1754,12726,large,0.0
1755,12729,small,0.0
1756,12729,medium,0.0
1757,12729,large,1.0
1758,12732,small,1.0
1759,12732,medium,0.0
1760,12732,large,0.0
1761,12737,small,1.0
1762,12737,medium,0.0
1763,12737,large,0.0
1764,12738,small,1.0
1765,12738,medium,0.0
1766,12738,large,0.0
1767,12740,small,1.0
1768,12740,medium,0.0
1769,12740,large,0.0
1770,12747,small,0.0
1771,12747,medium,1.0
1772,12747,large,0.0
1773,12748,small,1.0
1774,12748,medium,0.0
1775,12748,large,0.0
1776,12754,small,0.0
1777,12754,medium,0.0
1778,12754,large,2.0
1779,12758,small,1.0
1780,12758,medium,0.0
1781,12758,large,0.0
1782,12762,small,0.0
1783,12762,medium,0.0
1784,12762,large,0.0
1785,12764,small,1.0
1786,12764,medium,0.0
1787,12764,large,0.0
1788,12771,small,0.0
1789,12771,medium,0.0
1790,12771,large,1.0
1791,12775,small,0.0
1792,12775,medium,1.0
1793,12775,large,0.0
1794,12788,small,0.0
1795,12788,medium,0.0
1796,12788,large,0.0
1797,12789,small,0.0
1798,12789,medium,1.0
1799,12789,large,0.0
1800,12790,small,0.0
1801,12790,medium,0.0
1802,12790,large,1.0
1803,12791,small,1.0
1804,12791,medium,0.0
1805,12791,large,0.0
1806,12801,small,0.0
1807,12801,medium,0.0
1808,12801,large,2.0
1809,12803,small,0.0
1810,12803,medium,0.0
1811,12803,large,2.0
1812,12804,small,0.0
1813,12804,medium,0.0
1814,12804,large,1.0
1815,12809,small,0.0
1816,12809,medium,0.0
1817,12809,large,1.0
1818,12814,small,1.0
1819,12814,medium,0.0
1820,12814,large,0.0
1821,12816,small,1.0
1822,12816,medium,0.0
1823,12816,large,0.0
1824,12817,small,1.0
1825,12817,medium,0.0
1826,12817,large,0.0
1827,12821,small,1.0
1828,12821,medium,0.0
1829,12821,large,0.0
1830,12822,small,0.0
1831,12822,medium,1.0
1832,12822,large,1.0
1833,12828,small,0.0
1834,12828,medium,1.0
1835,12828,large,0.0
1836,12831,small,0.0
1837,12831,medium,1.0
1838,12831,large,3.0
1839,12832,small,0.0
1840,12832,medium,0.0
1841,12832,large,1.0
1842,12833,small,0.0
1843,12833,medium,0.0
1844,12833,large,1.0
1845,12834,small,0.0
1846,12834,medium,0.0
1847,12834,large,1.0
1848,12839,small,0.0
1849,12839,medium,1.0
1850,12839,large,1.0
1851,12842,small,1.0
1852,12842,medium,0.0
1853,12842,large,0.0
1854,12845,small,0.0
1855,12845,medium,0.0
1856,12845,large,1.0
1857,12846,small,1.0
1858,12846,medium,0.0
1859,12846,large,0.0
1860,12849,small,0.0
1861,12849,medium,0.0
1862,12849,large,0.0
1863,12865,small,0.0
1864,12865,medium,0.0
1865,12865,large,1.0
1866,12866,small,0.0
1867,12866,medium,0.0
1868,12866,large,2.0
1869,12870,small,1.0
1870,12870,medium,0.0
1871,12870,large,0.0
1872,12871,small,0.0
1873,12871,medium,0.0
1874,12871,large,1.0
1875,12883,small,0.0
1876,12883,medium,0.0
1877,12883,large,1.0
1878,12885,small,0.0
1879,12885,medium,1.0
1880,12885,large,0.0
1881,12887,small,0.0
1882,12887,medium,0.0
1883,12887,large,1.0
1884,12901,small,0.0
1885,12901,medium,0.0
1886,12901,large,3.0
1887,12903,small,0.0
1888,12903,medium,0.0
1889,12903,large,0.0
1890,12912,small,1.0
1891,12912,medium,0.0
1892,12912,large,0.0
1893,12913,small,0.0
1894,12913,medium,0.0
1895,12913,large,0.0
1896,12914,small,1.0
1897,12914,medium,0.0
1898,12914,large,0.0
1899,12916,small,0.0
1900,12916,medium,1.0
1901,12916,large,0.0
1902,12918,small,0.0
1903,12918,medium,1.0
1904,12918,large,0.0
1905,12919,small,0.0
1906,12919,medium,1.0
1907,12919,large,0.0
1908,12920,small,0.0
1909,12920,medium,1.0
1910,12920,large,0.0
1911,12921,small,0.0
1912,12921,medium,0.0
1913,12921,large,1.0
1914,12923,small,1.0
1915,12923,medium,0.0
1916,12923,large,0.0
1917,12926,small,0.0
1918,12926,medium,0.0
1919,12926,large,1.0
1920,12932,small,0.0
1921,12932,medium,0.0
1922,12932,large,0.0
1923,12934,small,0.0
1924,12934,medium,1.0
1925,12934,large,0.0
1926,12935,small,1.0
1927,12935,medium,0.0
1928,12935,large,0.0
1929,12936,small,1.0
1930,12936,medium,0.0
1931,12936,large,0.0
1932,12937,small,0.0
1933,12937,medium,1.0
1934,12937,large,0.0
1935,12941,small,1.0
1936,12941,medium,0.0
1937,12941,large,0.0
1938,12942,small,0.0
1939,12942,medium,0.0
1940,12942,large,0.0
1941,12943,small,0.0
1942,12943,medium,0.0
1943,12943,large,0.0
1944,12944,small,1.0
1945,12944,medium,0.0
1946,12944,large,0.0
1947,12946,small,1.0
1948,12946,medium,0.0
1949,12946,large,0.0
1950,12950,small,1.0
1951,12950,medium,0.0
1952,12950,large,0.0
1953,12953,small,0.0
1954,12953,medium,1.0
1955,12953,large,1.0
1956,12956,small,1.0
1957,12956,medium,0.0
1958,12956,large,0.0
1959,12958,small,1.0
1960,12958,medium,0.0
1961,12958,large,0.0
1962,12959,small,1.0
1963,12959,medium,0.0
1964,12959,large,0.0
1965,12960,small,0.0
1966,12960,medium,1.0
1967,12960,large,0.0
1968,12962,small,0.0
1969,12962,medium,0.0
1970,12962,large,1.0
1971,12972,small,0.0
1972,12972,medium,1.0
1973,12972,large,1.0
1974,12974,small,0.0
1975,12974,medium,1.0
1976,12974,large,0.0
1977,12979,small,0.0
1978,12979,medium,0.0
1979,12979,large,0.0
1980,12981,small,1.0
1981,12981,medium,0.0
1982,12981,large,0.0
1983,12983,small,0.0
1984,12983,medium,0.0
1985,12983,large,1.0
1986,12985,small,0.0
1987,12985,medium,0.0
1988,12985,large,0.0
1989,12986,small,1.0
1990,12986,medium,0.0
1991,12986,large,0.0
1992,12992,small,0.0
1993,12992,medium,0.0
1994,12992,large,1.0
1995,12993,small,0.0
1996,12993,medium,0.0
1997,12993,large,0.0
1998,12996,small,1.0
1999,12996,medium,0.0
2000,12996,large,0.0
2001,13021,small,0.0
2002,13021,medium,0.0
2003,13021,large,3.0
2004,13027,small,0.0
2005,13027,medium,0.0
2006,13027,large,5.0
2007,13029,small,0.0
2008,13029,medium,0.0
2009,13029,large,2.0
2010,13030,small,0.0
2011,13030,medium,0.0
2012,13030,large,1.0
2013,13031,small,0.0
2014,13031,medium,0.0
2015,13031,large,2.0
2016,13032,small,1.0
2017,13032,medium,0.0
2018,13032,large,1.0
2019,13033,small,0.0
2020,13033,medium,1.0
2021,13033,large,0.0
2022,13035,small,1.0
2023,13035,medium,0.0
2024,13035,large,0.0
2025,13036,small,0.0
2026,13036,medium,1.0
2027,13036,large,1.0
2028,13037,small,0.0
2029,13037,medium,1.0
2030,13037,large,1.0
2031,13039,small,0.0
2032,13039,medium,0.0
2033,13039,large,1.0
2034,13041,small,0.0
2035,13041,medium,0.0
2036,13041,large,1.0
2037,13044,small,0.0
2038,13044,medium,0.0
2039,13044,large,1.0
2040,13045,small,0.0
2041,13045,medium,0.0
2042,13045,large,1.0
2043,13052,small,0.0
2044,13052,medium,1.0
2045,13052,large,0.0
2046,13053,small,1.0
2047,13053,medium,0.0
2048,13053,large,0.0
2049,13054,small,1.0
2050,13054,medium,0.0
2051,13054,large,0.0
2052,13057,small,0.0
2053,13057,medium,0.0
2054,13057,large,0.0
2055,13060,small,0.0
2056,13060,medium,0.0
2057,13060,large,1.0
2058,13063,small,1.0
2059,13063,medium,0.0
2060,13063,large,0.0
2061,13066,small,0.0
2062,13066,medium,0.0
2063,13066,large,2.0
2064,13068,small,0.0
2065,13068,medium,1.0
2066,13068,large,0.0
2067,13069,small,0.0
2068,13069,medium,0.0
2069,13069,large,4.0
2070,13071,small,1.0
2071,13071,medium,0.0
2072,13071,large,0.0
2073,13073,small,0.0
2074,13073,medium,1.0
2075,13073,large,1.0
2076,13074,small,0.0
2077,13074,medium,0.0
2078,13074,large,1.0
2079,13076,small,0.0
2080,13076,medium,1.0
2081,13076,large,0.0
2082,13077,small,0.0
2083,13077,medium,0.0
2084,13077,large,1.0
2085,13078,small,0.0
2086,13078,medium,0.0
2087,13078,large,2.0
2088,13080,small,0.0
2089,13080,medium,0.0
2090,13080,large,1.0
2091,13084,small,0.0
2092,13084,medium,1.0
2093,13084,large,0.0
2094,13088,small,0.0
2095,13088,medium,0.0
2096,13088,large,1.0
2097,13090,small,0.0
2098,13090,medium,0.0
2099,13090,large,3.0
2100,13092,small,0.0
2101,13092,medium,0.0
2102,13092,large,1.0
2103,13101,small,0.0
2104,13101,medium,1.0
2105,13101,large,0.0
2106,13104,small,0.0
2107,13104,medium,0.0
2108,13104,large,1.0
2109,13108,small,1.0
2110,13108,medium,0.0
2111,13108,large,0.0
2112,13112,small,0.0
2113,13112,medium,1.0
2114,13112,large,0.0
2115,13114,small,0.0
2116,13114,medium,0.0
2117,13114,large,1.0
2118,13116,small,1.0
2119,13116,medium,0.0
2120,13116,large,0.0
2121,13118,small,0.0
2122,13118,medium,1.0
2123,13118,large,0.0
2124,13120,small,0.0
2125,13120,medium,1.0
2126,13120,large,0.0
2127,13126,small,0.0
2128,13126,medium,0.0
2129,13126,large,4.0
2130,13131,small,0.0
2131,13131,medium,0.0
2132,13131,large,1.0
2133,13132,small,0.0
2134,13132,medium,1.0
2135,13132,large,0.0
2136,13135,small,0.0
2137,13135,medium,0.0
2138,13135,large,1.0
2139,13142,small,0.0
2140,13142,medium,0.0
2141,13142,large,1.0
2142,13143,small,1.0
2143,13143,medium,0.0
2144,13143,large,0.0
2145,13145,small,0.0
2146,13145,medium,1.0
2147,13145,large,0.0
2148,13146,small,0.0
2149,13146,medium,1.0
2150,13146,large,0.0
2151,13148,small,1.0
2152,13148,medium,0.0
2153,13148,large,1.0
2154,13152,small,0.0
2155,13152,medium,0.0
2156,13152,large,1.0
2157,13155,small,1.0
2158,13155,medium,0.0
2159,13155,large,0.0
2160,13159,small,0.0
2161,13159,medium,0.0
2162,13159,large,1.0
2163,13160,small,0.0
2164,13160,medium,1.0
2165,13160,large,0.0
2166,13164,small,0.0
2167,13164,medium,0.0
2168,13164,large,1.0
2169,13165,small,0.0
2170,13165,medium,1.0
2171,13165,large,1.0
2172,13166,small,0.0
2173,13166,medium,0.0
2174,13166,large,1.0
2175,13167,small,0.0
2176,13167,medium,1.0
2177,13167,large,0.0
2178,13202,small,0.0
2179,13202,medium,0.0
2180,13202,large,1.0
2181,13203,small,1.0
2182,13203,medium,0.0
2183,13203,large,1.0
2184,13204,small,0.0
2185,13204,medium,0.0
2186,13204,large,3.0
2187,13205,small,0.0
2188,13205,medium,1.0
2189,13205,large,3.0
2190,13206,small,1.0
2191,13206,medium,0.0
2192,13206,large,3.0
2193,13207,small,0.0
2194,13207,medium,0.0
2195,13207,large,3.0
2196,13208,small,0.0
2197,13208,medium,0.0
2198,13208,large,5.0
2199,13209,small,0.0
2200,13209,medium,1.0
2201,13209,large,2.0
2202,13210,small,1.0
2203,13210,medium,0.0
2204,13210,large,2.0
2205,13211,small,0.0
2206,13211,medium,0.0
2207,13211,large,1.0
2208,13212,small,0.0
2209,13212,medium,0.0
2210,13212,large,2.0
2211,13214,small,1.0
2212,13214,medium,0.0
2213,13214,large,0.0
2214,13215,small,0.0
2215,13215,medium,0.0
2216,13215,large,1.0
2217,13219,small,0.0
2218,13219,medium,0.0
2219,13219,large,2.0
2220,13224,small,0.0
2221,13224,medium,0.0
2222,13224,large,0.0
2223,13303,small,1.0
2224,13303,medium,0.0
2225,13303,large,0.0
2226,13304,small,0.0
2227,13304,medium,1.0
2228,13304,large,0.0
2229,13309,small,0.0
2230,13309,medium,0.0
2231,13309,large,1.0
2232,13315,small,1.0
2233,13315,medium,0.0
2234,13315,large,0.0
2235,13316,small,0.0
2236,13316,medium,0.0
2237,13316,large,1.0
2238,13317,small,1.0
2239,13317,medium,0.0
2240,13317,large,1.0
2241,13318,small,1.0
2242,13318,medium,0.0
2243,13318,large,0.0
2244,13319,small,0.0
2245,13319,medium,0.0
2246,13319,large,0.0
2247,13323,small,1.0
2248,13323,medium,0.0
2249,13323,large,0.0
2250,13326,small,0.0
2251,13326,medium,0.0
2252,13326,large,0.0
2253,13327,small,0.0
2254,13327,medium,0.0
2255,13327,large,1.0
2256,13329,small,0.0
2257,13329,medium,0.0
2258,13329,large,1.0
2259,13332,small,0.0
2260,13332,medium,1.0
2261,13332,large,1.0
2262,13338,small,1.0
2263,13338,medium,0.0
2264,13338,large,0.0
2265,13339,small,0.0
2266,13339,medium,0.0
2267,13339,large,2.0
2268,13340,small,1.0
2269,13340,medium,0.0
2270,13340,large,1.0
2271,13343,small,1.0
2272,13343,medium,0.0
2273,13343,large,0.0
2274,13346,small,1.0
2275,13346,medium,0.0
2276,13346,large,0.0
2277,13348,small,1.0
2278,13348,medium,0.0
2279,13348,large,0.0
2280,13350,small,0.0
2281,13350,medium,0.0
2282,13350,large,1.0
2283,13355,small,0.0
2284,13355,medium,1.0
2285,13355,large,0.0
2286,13357,small,0.0
2287,13357,medium,0.0
2288,13357,large,2.0
2289,13365,small,0.0
2290,13365,medium,0.0
2291,13365,large,2.0
2292,13367,small,0.0
2293,13367,medium,0.0
2294,13367,large,1.0
2295,13368,small,1.0
2296,13368,medium,0.0
2297,13368,large,0.0
2298,13402,small,1.0
2299,13402,medium,0.0
2300,13402,large,0.0
2301,13403,small,0.0
2302,13403,medium,1.0
2303,13403,large,1.0
2304,13407,small,0.0
2305,13407,medium,0.0
2306,13407,large,1.0
2307,13408,small,1.0
2308,13408,medium,0.0
2309,13408,large,0.0
2310,13409,small,1.0
2311,13409,medium,0.0
2312,13409,large,0.0
2313,13411,small,0.0
2314,13411,medium,1.0
2315,13411,large,0.0
2316,13413,small,0.0
2317,13413,medium,0.0
2318,13413,large,1.0
2319,13416,small,0.0
2320,13416,medium,1.0
2321,13416,large,0.0
2322,13417,small,1.0
2323,13417,medium,0.0
2324,13417,large,0.0
2325,13420,small,0.0
2326,13420,medium,0.0
2327,13420,large,0.0
2328,13421,small,0.0
2329,13421,medium,1.0
2330,13421,large,1.0
2331,13424,small,0.0
2332,13424,medium,0.0
2333,13424,large,0.0
2334,13431,small,0.0
2335,13431,medium,1.0
2336,13431,large,0.0
2337,13439,small,0.0
2338,13439,medium,0.0
2339,13439,large,1.0
2340,13440,small,0.0
2341,13440,medium,0.0
2342,13440,large,6.0
2343,13452,small,0.0
2344,13452,medium,0.0
2345,13452,large,1.0
2346,13456,small,0.0
2347,13456,medium,0.0
2348,13456,large,1.0
2349,13459,small,0.0
2350,13459,medium,1.0
2351,13459,large,0.0
2352,13460,small,0.0
2353,13460,medium,0.0
2354,13460,large,1.0
2355,13461,small,0.0
2356,13461,medium,0.0
2357,13461,large,1.0
2358,13469,small,1.0
2359,13469,medium,0.0
2360,13469,large,0.0
2361,13473,small,1.0
2362,13473,medium,0.0
2363,13473,large,0.0
2364,13478,small,0.0
2365,13478,medium,1.0
2366,13478,large,0.0
2367,13480,small,0.0
2368,13480,medium,1.0
2369,13480,large,0.0
2370,13490,small,0.0
2371,13490,medium,0.0
2372,13490,large,0.0
2373,13491,small,0.0
2374,13491,medium,0.0
2375,13491,large,1.0
2376,13492,small,0.0
2377,13492,medium,0.0
2378,13492,large,1.0
2379,13495,small,0.0
2380,13495,medium,1.0
2381,13495,large,0.0
2382,13501,small,0.0
2383,13501,medium,1.0
2384,13501,large,5.0
2385,13502,small,1.0
2386,13502,medium,0.0
2387,13502,large,6.0
2388,13601,small,0.0
2389,13601,medium,0.0
2390,13601,large,4.0
2391,13605,small,0.0
2392,13605,medium,0.0
2393,13605,large,1.0
2394,13606,small,1.0
2395,13606,medium,0.0
2396,13606,large,0.0
2397,13608,small,0.0
2398,13608,medium,1.0
2399,13608,large,0.0
2400,13612,small,0.0
2401,13612,medium,1.0
2402,13612,large,0.0
2403,13613,small,1.0
2404,13613,medium,0.0
2405,13613,large,0.0
2406,13616,small,1.0
2407,13616,medium,0.0
2408,13616,large,0.0
2409,13617,small,0.0
2410,13617,medium,0.0
2411,13617,large,1.0
2412,13619,small,1.0
2413,13619,medium,0.0
2414,13619,large,1.0
2415,13620,small,0.0
2416,13620,medium,1.0
2417,13620,large,0.0
2418,13622,small,0.0
2419,13622,medium,1.0
2420,13622,large,0.0
2421,13624,small,0.0
2422,13624,medium,0.0
2423,13624,large,1.0
2424,13625,small,0.0
2425,13625,medium,0.0
2426,13625,large,0.0
2427,13626,small,0.0
2428,13626,medium,1.0
2429,13626,large,0.0
2430,13630,small,0.0
2431,13630,medium,0.0
2432,13630,large,0.0
2433,13634,small,0.0
2434,13634,medium,1.0
2435,13634,large,0.0
2436,13637,small,1.0
2437,13637,medium,0.0
2438,13637,large,1.0
2439,13642,small,0.0
2440,13642,medium,0.0
2441,13642,large,2.0
2442,13646,small,0.0
2443,13646,medium,1.0
2444,13646,large,0.0
2445,13648,small,1.0
2446,13648,medium,0.0
2447,13648,large,0.0
2448,13652,small,0.0
2449,13652,medium,1.0
2450,13652,large,0.0
2451,13654,small,0.0
2452,13654,medium,1.0
2453,13654,large,0.0
2454,13655,small,0.0
2455,13655,medium,1.0
2456,13655,large,0.0
2457,13656,small,0.0
2458,13656,medium,0.0
2459,13656,large,1.0
2460,13658,small,1.0
2461,13658,medium,0.0
2462,13658,large,0.0
2463,13660,small,0.0
2464,13660,medium,1.0
2465,13660,large,0.0
2466,13662,small,1.0
2467,13662,medium,0.0
2468,13662,large,2.0
2469,13668,small,0.0
2470,13668,medium,1.0
2471,13668,large,0.0
2472,13669,small,0.0
2473,13669,medium,0.0
2474,13669,large,3.0
2475,13672,small,0.0
2476,13672,medium,0.0
2477,13672,large,0.0
2478,13673,small,0.0
2479,13673,medium,0.0
2480,13673,large,1.0
2481,13676,small,1.0
2482,13676,medium,0.0
2483,13676,large,1.0
2484,13685,small,1.0
2485,13685,medium,0.0
2486,13685,large,0.0
2487,13691,small,0.0
2488,13691,medium,0.0
2489,13691,large,1.0
2490,13694,small,0.0
2491,13694,medium,1.0
2492,13694,large,0.0
2493,13730,small,0.0
2494,13730,medium,1.0
2495,13730,large,0.0
2496,13732,small,1.0
2497,13732,medium,0.0
2498,13732,large,1.0
2499,13733,small,0.0
2500,13733,medium,0.0
2501,13733,large,1.0
2502,13739,small,1.0
2503,13739,medium,0.0
2504,13739,large,0.0
2505,13740,small,0.0
2506,13740,medium,0.0
2507,13740,large,0.0
2508,13743,small,1.0
2509,13743,medium,0.0
2510,13743,large,0.0
2511,13746,small,1.0
2512,13746,medium,0.0
2513,13746,large,0.0
2514,13750,small,1.0
2515,13750,medium,0.0
2516,13750,large,0.0
2517,13751,small,1.0
2518,13751,medium,0.0
2519,13751,large,0.0
2520,13753,small,1.0
2521,13753,medium,0.0
2522,13753,large,0.0
2523,13754,small,1.0
2524,13754,medium,0.0
2525,13754,large,0.0
2526,13757,small,1.0
2527,13757,medium,0.0
2528,13757,large,0.0
2529,13760,small,0.0
2530,13760,medium,0.0
2531,13760,large,4.0
2532,13775,small,0.0
2533,13775,medium,0.0
2534,13775,large,0.0
2535,13776,small,0.0
2536,13776,medium,0.0
2537,13776,large,0.0
2538,13778,small,1.0
2539,13778,medium,0.0
2540,13778,large,1.0
2541,13782,small,1.0
2542,13782,medium,0.0
2543,13782,large,0.0
2544,13783,small,0.0
2545,13783,medium,0.0
2546,13783,large,0.0
2547,13787,small,0.0
2548,13787,medium,1.0
2549,13787,large,0.0
2550,13790,small,0.0
2551,13790,medium,0.0
2552,13790,large,2.0
2553,13795,small,0.0
2554,13795,medium,1.0
2555,13795,large,0.0
2556,13796,small,1.0
2557,13796,medium,0.0
2558,13796,large,0.0
2559,13802,small,1.0
2560,13802,medium,0.0
2561,13802,large,0.0
2562,13803,small,1.0
2563,13803,medium,0.0
2564,13803,large,1.0
2565,13807,small,1.0
2566,13807,medium,0.0
2567,13807,large,0.0
2568,13808,small,1.0
2569,13808,medium,0.0
2570,13808,large,0.0
2571,13810,small,1.0
2572,13810,medium,0.0
2573,13810,large,0.0
2574,13811,small,0.0
2575,13811,medium,0.0
2576,13811,large,1.0
2577,13812,small,1.0
2578,13812,medium,0.0
2579,13812,large,0.0
2580,13815,small,0.0
2581,13815,medium,0.0
2582,13815,large,2.0
2583,13820,small,0.0
2584,13820,medium,0.0
2585,13820,large,0.0
2586,13825,small,0.0
2587,13825,medium,1.0
2588,13825,large,0.0
2589,13827,small,0.0
2590,13827,medium,0.0
2591,13827,large,1.0
2592,13830,small,0.0
2593,13830,medium,0.0
2594,13830,large,1.0
2595,13838,small,0.0
2596,13838,medium,0.0
2597,13838,large,0.0
2598,13839,small,0.0
2599,13839,medium,1.0
2600,13839,large,0.0
2601,13842,small,0.0
2602,13842,medium,0.0
2603,13842,large,0.0
2604,13849,small,0.0
2605,13849,medium,0.0
2606,13849,large,1.0
2607,13850,small,0.0
2608,13850,medium,0.0
2609,13850,large,0.0
2610,13856,small,0.0
2611,13856,medium,0.0
2612,13856,large,1.0
2613,13862,small,1.0
2614,13862,medium,0.0
2615,13862,large,0.0
2616,13863,small,1.0
2617,13863,medium,0.0
2618,13863,large,0.0
2619,13864,small,0.0
2620,13864,medium,1.0
2621,13864,large,0.0
2622,13865,small,1.0
2623,13865,medium,0.0
2624,13865,large,1.0
2625,13901,small,0.0
2626,13901,medium,0.0
2627,13901,large,3.0
2628,13903,small,0.0
2629,13903,medium,0.0
2630,13903,large,2.0
2631,13904,small,0.0
2632,13904,medium,0.0
2633,13904,large,2.0
2634,13905,small,0.0
2635,13905,medium,0.0
2636,13905,large,2.0
2637,14001,small,0.0
2638,14001,medium,0.0
2639,14001,large,1.0
2640,14004,small,0.0
2641,14004,medium,0.0
2642,14004,large,2.0
2643,14005,small,0.0
2644,14005,medium,1.0
2645,14005,large,0.0
2646,14006,small,1.0
2647,14006,medium,0.0
2648,14006,large,1.0
2649,14009,small,0.0
2650,14009,medium,0.0
2651,14009,large,1.0
2652,14011,small,1.0
2653,14011,medium,0.0
2654,14011,large,1.0
2655,14012,small,0.0
2656,14012,medium,0.0
2657,14012,large,1.0
2658,14020,small,0.0
2659,14020,medium,0.0
2660,14020,large,2.0
2661,14024,small,0.0
2662,14024,medium,1.0
2663,14024,large,0.0
2664,14025,small,1.0
2665,14025,medium,0.0
2666,14025,large,0.0
2667,14031,small,0.0
2668,14031,medium,0.0
2669,14031,large,1.0
2670,14032,small,0.0
2671,14032,medium,1.0
2672,14032,large,1.0
2673,14036,small,0.0
2674,14036,medium,0.0
2675,14036,large,1.0
2676,14040,small,1.0
2677,14040,medium,0.0
2678,14040,large,0.0
2679,14042,small,0.0
2680,14042,medium,0.0
2681,14042,large,1.0
2682,14043,small,0.0
2683,14043,medium,0.0
2684,14043,large,1.0
2685,14047,small,1.0
2686,14047,medium,0.0
2687,14047,large,0.0
2688,14048,small,0.0
2689,14048,medium,0.0
2690,14048,large,1.0
2691,14051,small,1.0
2692,14051,medium,0.0
2693,14051,large,2.0
2694,14052,small,0.0
2695,14052,medium,0.0
2696,14052,large,1.0
2697,14057,small,0.0
2698,14057,medium,0.0
2699,14057,large,1.0
2700,14058,small,0.0
2701,14058,medium,0.0
2702,14058,large,1.0
2703,14059,small,1.0
2704,14059,medium,0.0
2705,14059,large,1.0
2706,14063,small,1.0
2707,14063,medium,0.0
2708,14063,large,0.0
2709,14066,small,1.0
2710,14066,medium,0.0
2711,14066,large,0.0
2712,14067,small,0.0
2713,14067,medium,1.0
2714,14067,large,0.0
2715,14068,small,0.0
2716,14068,medium,0.0
2717,14068,large,0.0
2718,14070,small,0.0
2719,14070,medium,1.0
2720,14070,large,1.0
2721,14072,small,0.0
2722,14072,medium,0.0
2723,14072,large,1.0
2724,14075,small,0.0
2725,14075,medium,0.0
2726,14075,large,3.0
2727,14080,small,0.0
2728,14080,medium,1.0
2729,14080,large,0.0
2730,14081,small,0.0
2731,14081,medium,0.0
2732,14081,large,0.0
2733,14082,small,1.0
2734,14082,medium,0.0
2735,14082,large,0.0
2736,14085,small,0.0
2737,14085,medium,0.0
2738,14085,large,1.0
2739,14086,small,0.0
2740,14086,medium,0.0
2741,14086,large,3.0
2742,14091,small,0.0
2743,14091,medium,1.0
2744,14091,large,0.0
2745,14092,small,1.0
2746,14092,medium,0.0
2747,14092,large,0.0
2748,14094,small,0.0
2749,14094,medium,0.0
2750,14094,large,5.0
2751,14103,small,0.0
2752,14103,medium,1.0
2753,14103,large,1.0
2754,14105,small,1.0
2755,14105,medium,0.0
2756,14105,large,1.0
2757,14108,small,0.0
2758,14108,medium,1.0
2759,14108,large,1.0
2760,14111,small,0.0
2761,14111,medium,1.0
2762,14111,large,0.0
2763,14120,small,0.0
2764,14120,medium,0.0
2765,14120,large,5.0
2766,14127,small,0.0
2767,14127,medium,0.0
2768,14127,large,1.0
2769,14131,small,0.0
2770,14131,medium,0.0
2771,14131,large,0.0
2772,14132,small,0.0
2773,14132,medium,0.0
2774,14132,large,1.0
2775,14136,small,0.0
2776,14136,medium,0.0
2777,14136,large,1.0
2778,14138,small,1.0
2779,14138,medium,0.0
2780,14138,large,0.0
2781,14141,small,0.0
2782,14141,medium,0.0
2783,14141,large,0.0
2784,14145,small,0.0
2785,14145,medium,1.0
2786,14145,large,0.0
2787,14150,small,0.0
2788,14150,medium,0.0
2789,14150,large,0.0
2790,14171,small,1.0
2791,14171,medium,0.0
2792,14171,large,0.0
2793,14172,small,0.0
2794,14172,medium,1.0
2795,14172,large,0.0
2796,14174,small,1.0
2797,14174,medium,0.0
2798,14174,large,0.0
2799,14201,small,0.0
2800,14201,medium,0.0
2801,14201,large,1.0
2802,14202,small,0.0
2803,14202,medium,0.0
2804,14202,large,0.0
2805,14203,small,0.0
2806,14203,medium,0.0
2807,14203,large,0.0
2808,14204,small,0.0
2809,14204,medium,0.0
2810,14204,large,1.0
2811,14206,small,0.0
2812,14206,medium,0.0
2813,14206,large,3.0
2814,14207,small,0.0
2815,14207,medium,0.0
2816,14207,large,5.0
2817,14208,small,0.0
2818,14208,medium,1.0
2819,14208,large,1.0
2820,14209,small,0.0
2821,14209,medium,0.0
2822,14209,large,0.0
2823,14210,small,0.0
2824,14210,medium,0.0
2825,14210,large,1.0
2826,14211,small,0.0
2827,14211,medium,1.0
2828,14211,large,5.0
2829,14212,small,0.0
2830,14212,medium,0.0
2831,14212,large,3.0
2832,14213,small,0.0
2833,14213,medium,0.0
2834,14213,large,6.0
2835,14214,small,0.0
2836,14214,medium,0.0
2837,14214,large,2.0
2838,14215,small,0.0
2839,14215,medium,0.0
2840,14215,large,8.0
2841,14216,small,1.0
2842,14216,medium,0.0
2843,14216,large,4.0
2844,14217,small,0.0
2845,14217,medium,1.0
2846,14217,large,1.0
2847,14218,small,0.0
2848,14218,medium,0.0
2849,14218,large,3.0
2850,14219,small,0.0
2851,14219,medium,0.0
2852,14219,large,1.0
2853,14220,small,1.0
2854,14220,medium,0.0
2855,14220,large,3.0
2856,14221,small,0.0
2857,14221,medium,0.0
2858,14221,large,3.0
2859,14222,small,0.0
2860,14222,medium,0.0
2861,14222,large,2.0
2862,14223,small,0.0
2863,14223,medium,0.0
2864,14223,large,3.0
2865,14224,small,0.0
2866,14224,medium,0.0
2867,14224,large,3.0
2868,14225,small,0.0
2869,14225,medium,0.0
2870,14225,large,4.0
2871,14226,small,0.0
2872,14226,medium,0.0
2873,14226,large,2.0
2874,14227,small,0.0
2875,14227,medium,0.0
2876,14227,large,2.0
2877,14228,small,0.0
2878,14228,medium,0.0
2879,14228,large,1.0
2880,14301,small,1.0
2881,14301,medium,0.0
2882,14301,large,1.0
2883,14303,small,0.0
2884,14303,medium,1.0
2885,14303,large,1.0
2886,14304,small,0.0
2887,14304,medium,0.0
2888,14304,large,3.0
2889,14305,small,0.0
2890,14305,medium,0.0
2891,14305,large,3.0
2892,14411,small,1.0
2893,14411,medium,0.0
2894,14411,large,1.0
2895,14414,small,0.0
2896,14414,medium,0.0
2897,14414,large,0.0
2898,14416,small,0.0
2899,14416,medium,1.0
2900,14416,large,0.0
2901,14420,small,0.0
2902,14420,medium,0.0
2903,14420,large,1.0
2904,14423,small,0.0
2905,14423,medium,0.0
2906,14423,large,1.0
2907,14424,small,0.0
2908,14424,medium,0.0
2909,14424,large,1.0
2910,14425,small,1.0
2911,14425,medium,0.0
2912,14425,large,2.0
2913,14432,small,0.0
2914,14432,medium,0.0
2915,14432,large,0.0
2916,14433,small,1.0
2917,14433,medium,0.0
2918,14433,large,1.0
2919,14437,small,0.0
2920,14437,medium,0.0
2921,14437,large,1.0
2922,14445,small,0.0
2923,14445,medium,0.0
2924,14445,large,1.0
2925,14450,small,0.0
2926,14450,medium,0.0
2927,14450,large,3.0
2928,14456,small,0.0
2929,14456,medium,0.0
2930,14456,large,2.0
2931,14464,small,0.0
2932,14464,medium,0.0
2933,14464,large,2.0
2934,14468,small,0.0
2935,14468,medium,0.0
2936,14468,large,2.0
2937,14470,small,0.0
2938,14470,medium,0.0
2939,14470,large,1.0
2940,14472,small,0.0
2941,14472,medium,0.0
2942,14472,large,2.0
2943,14476,small,0.0
2944,14476,medium,1.0
2945,14476,large,0.0
2946,14481,small,1.0
2947,14481,medium,0.0
2948,14481,large,0.0
2949,14486,small,1.0
2950,14486,medium,0.0
2951,14486,large,0.0
2952,14505,small,0.0
2953,14505,medium,0.0
2954,14505,large,1.0
2955,14510,small,0.0
2956,14510,medium,0.0
2957,14510,large,0.0
2958,14521,small,0.0
2959,14521,medium,0.0
2960,14521,large,1.0
2961,14525,small,0.0
2962,14525,medium,1.0
2963,14525,large,0.0
2964,14526,small,0.0
2965,14526,medium,0.0
2966,14526,large,3.0
2967,14532,small,0.0
2968,14532,medium,1.0
2969,14532,large,0.0
2970,14536,small,1.0
2971,14536,medium,0.0
2972,14536,large,0.0
2973,14541,small,0.0
2974,14541,medium,0.0
2975,14541,large,1.0
2976,14544,small,1.0
2977,14544,medium,0.0
2978,14544,large,0.0
2979,14546,small,1.0
2980,14546,medium,0.0
2981,14546,large,1.0
2982,14560,small,1.0
2983,14560,medium,0.0
2984,14560,large,0.0
2985,14564,small,0.0
2986,14564,medium,0.0
2987,14564,large,0.0
2988,14568,small,0.0
2989,14568,medium,0.0
2990,14568,large,1.0
2991,14569,small,0.0
2992,14569,medium,1.0
2993,14569,large,0.0
2994,14580,small,0.0
2995,14580,medium,0.0
2996,14580,large,4.0
2997,14586,small,0.0
2998,14586,medium,1.0
2999,14586,large,1.0
3000,14589,small,0.0
3001,14589,medium,1.0
3002,14589,large,1.0
3003,14590,small,0.0
3004,14590,medium,0.0
3005,14590,large,1.0
3006,14608,small,0.0
3007,14608,medium,1.0
3008,14608,large,0.0
3009,14609,small,0.0
3010,14609,medium,0.0
3011,14609,large,4.0
3012,14612,small,0.0
3013,14612,medium,1.0
3014,14612,large,4.0
3015,14617,small,0.0
3016,14617,medium,0.0
3017,14617,large,1.0
3018,14621,small,0.0
3019,14621,medium,0.0
3020,14621,large,6.0
3021,14622,small,0.0
3022,14622,medium,0.0
3023,14622,large,2.0
3024,14623,small,0.0
3025,14623,medium,0.0
3026,14623,large,0.0
3027,14625,small,0.0
3028,14625,medium,0.0
3029,14625,large,0.0
3030,14717,small,1.0
3031,14717,medium,0.0
3032,14717,large,0.0
3033,14727,small,0.0
3034,14727,medium,0.0
3035,14727,large,1.0
3036,14731,small,0.0
3037,14731,medium,0.0
3038,14731,large,0.0
3039,14741,small,0.0
3040,14741,medium,1.0
3041,14741,large,0.0
3042,14747,small,0.0
3043,14747,medium,0.0
3044,14747,large,1.0
3045,14767,small,0.0
3046,14767,medium,1.0
3047,14767,large,0.0
3048,14770,small,0.0
3049,14770,medium,1.0
3050,14770,large,0.0
3051,14772,small,0.0
3052,14772,medium,0.0
3053,14772,large,1.0
3054,14805,small,1.0
3055,14805,medium,0.0
3056,14805,large,0.0
3057,14806,small,0.0
3058,14806,medium,1.0
3059,14806,large,0.0
